{"cameraMode":{"drawMode":0,"name":"Shaded","section":"Shading Mode"},"sceneLighting":false,"audioPlay":false,"sceneViewState":{"showFog":true,"showMaterialUpdate":false,"showSkybox":false,"showFlares":true,"showImageEffects":true,"showParticleSystems":true},"in2DMode":false,"pivot":{"x":-2.384185791015625e-7,"y":0.9999999403953552,"z":-0.04410019516944885},"rotation":{"x":0.10936125367879868,"y":-0.1204618588089943,"z":0.01335803885012865,"w":0.9865853786468506},"size":5.000393867492676,"orthographic":false}