{"cameraMode":{"drawMode":0,"name":"Shaded","section":"Shading Mode"},"sceneLighting":false,"audioPlay":false,"sceneViewState":{"showFog":true,"showMaterialUpdate":false,"showSkybox":false,"showFlares":true,"showImageEffects":true,"showParticleSystems":true},"in2DMode":false,"pivot":{"x":-2.384185791015625e-7,"y":0.9999999403953552,"z":-0.04410019516944885},"rotation":{"x":0.3061401844024658,"y":-0.22283728420734406,"z":0.07394726574420929,"w":0.922579824924469},"size":5.000393867492676,"orthographic":false}