{"cameraMode":{"drawMode":0,"name":"Shaded","section":"Shading Mode"},"sceneLighting":true,"audioPlay":false,"sceneViewState":{"showFog":true,"showMaterialUpdate":false,"showSkybox":true,"showFlares":true,"showImageEffects":true,"showParticleSystems":true},"in2DMode":false,"pivot":{"x":40.29520797729492,"y":36.03902816772461,"z":110.20075988769531},"rotation":{"x":-0.011054981499910355,"y":0.09136602282524109,"z":0.001014162553474307,"w":0.9957555532455444},"size":116.89418029785156,"orthographic":false}