{"cameraMode":{"drawMode":0,"name":"Shaded","section":"Shading Mode"},"sceneLighting":false,"audioPlay":false,"sceneViewState":{"showFog":true,"showMaterialUpdate":false,"showSkybox":false,"showFlares":true,"showImageEffects":true,"showParticleSystems":true},"in2DMode":false,"pivot":{"x":-1.85008704662323,"y":1.6261467933654786,"z":-0.32793569564819338},"rotation":{"x":0.03536071255803108,"y":0.9348916411399841,"z":-0.33947280049324038,"w":0.09739381819963455},"size":4.327865123748779,"orthographic":false}