{"cameraMode":{"drawMode":0,"name":"Shaded","section":"Shading Mode"},"sceneLighting":false,"audioPlay":false,"sceneViewState":{"showFog":true,"showMaterialUpdate":false,"showSkybox":false,"showFlares":true,"showImageEffects":true,"showParticleSystems":true},"in2DMode":false,"pivot":{"x":0.0,"y":0.24846497178077699,"z":-0.31520000100135805},"rotation":{"x":0.08273135870695114,"y":0.9102568030357361,"z":-0.22160689532756806,"w":0.3398214280605316},"size":1.3278652429580689,"orthographic":false}