{"cameraMode":{"drawMode":0,"name":"Shaded","section":"Shading Mode"},"sceneLighting":true,"audioPlay":false,"sceneViewState":{"showFog":true,"showMaterialUpdate":false,"showSkybox":true,"showFlares":true,"showImageEffects":true,"showParticleSystems":true},"in2DMode":false,"pivot":{"x":11.905214309692383,"y":74.37791442871094,"z":20.240856170654298},"rotation":{"x":-0.0618925578892231,"y":0.7304783463478088,"z":0.06679786741733551,"w":0.6768373847007752},"size":1.3230366706848145,"orthographic":false}