{"cameraMode":{"drawMode":0,"name":"Shaded","section":"Shading Mode"},"sceneLighting":true,"audioPlay":false,"sceneViewState":{"showFog":true,"showMaterialUpdate":false,"showSkybox":true,"showFlares":true,"showImageEffects":true,"showParticleSystems":true},"in2DMode":false,"pivot":{"x":-23.864994049072267,"y":0.18139266967773438,"z":38.59872817993164},"rotation":{"x":-0.24741646647453309,"y":-0.07635468244552612,"z":0.01956208236515522,"w":-0.9656978845596314},"size":24.7257022857666,"orthographic":false}