{"cameraMode":{"drawMode":0,"name":"Shaded","section":"Shading Mode"},"sceneLighting":false,"audioPlay":false,"sceneViewState":{"showFog":true,"showMaterialUpdate":false,"showSkybox":false,"showFlares":true,"showImageEffects":true,"showParticleSystems":true},"in2DMode":false,"pivot":{"x":0.0517578125,"y":1.904587745666504,"z":-1.2170484066009522},"rotation":{"x":0.021384933963418008,"y":-0.7337749600410461,"z":0.02312156744301319,"w":0.6786622405052185},"size":4.901978015899658,"orthographic":false}