{"cameraMode":{"drawMode":0,"name":"Shaded","section":"Shading Mode"},"sceneLighting":false,"audioPlay":false,"sceneViewState":{"showFog":true,"showMaterialUpdate":false,"showSkybox":false,"showFlares":true,"showImageEffects":true,"showParticleSystems":true},"in2DMode":false,"pivot":{"x":0.23184633255004884,"y":0.8420958518981934,"z":0.15337657928466798},"rotation":{"x":0.04362497478723526,"y":-0.4712815582752228,"z":0.023347603157162668,"w":0.8805938363075256},"size":6.688950538635254,"orthographic":true}