{"cameraMode":{"drawMode":0,"name":"Shaded","section":"Shading Mode"},"sceneLighting":true,"audioPlay":false,"sceneViewState":{"showFog":true,"showMaterialUpdate":false,"showSkybox":true,"showFlares":true,"showImageEffects":true,"showParticleSystems":true},"in2DMode":false,"pivot":{"x":12.399999618530274,"y":73.16024780273438,"z":22.100000381469728},"rotation":{"x":0.06441336125135422,"y":-0.9355109333992004,"z":0.2516845762729645,"w":0.23942649364471436},"size":22.0,"orthographic":false}