{"cameraMode":{"drawMode":0,"name":"Shaded","section":"Shading Mode"},"sceneLighting":false,"audioPlay":false,"sceneViewState":{"showFog":true,"showMaterialUpdate":false,"showSkybox":false,"showFlares":true,"showImageEffects":true,"showParticleSystems":true},"in2DMode":false,"pivot":{"x":-0.05994322896003723,"y":1.0000048875808716,"z":-0.0005383491516113281},"rotation":{"x":0.1731216013431549,"y":-0.0044320388697087769,"z":0.0007790527306497097,"w":0.9848902225494385},"size":4.874369144439697,"orthographic":false}