{"cameraMode":{"drawMode":0,"name":"Shaded","section":"Shading Mode"},"sceneLighting":false,"audioPlay":false,"sceneViewState":{"showFog":true,"showMaterialUpdate":false,"showSkybox":false,"showFlares":true,"showImageEffects":true,"showParticleSystems":true},"in2DMode":false,"pivot":{"x":-0.05089662969112396,"y":0.2917768657207489,"z":-0.10177421569824219},"rotation":{"x":-0.13161645829677583,"y":0.002973897848278284,"z":-0.00039485059096477926,"w":-0.9912962317466736},"size":3.356602191925049,"orthographic":false}