{"cameraMode":{"drawMode":0,"name":"Shaded","section":"Shading Mode"},"sceneLighting":false,"audioPlay":false,"sceneViewState":{"showFog":true,"showMaterialUpdate":false,"showSkybox":false,"showFlares":true,"showImageEffects":true,"showParticleSystems":true},"in2DMode":false,"pivot":{"x":-0.03167328983545303,"y":1.3762954473495484,"z":-1.0295157432556153},"rotation":{"x":0.13310249149799348,"y":-0.004459945484995842,"z":0.0005989655619487166,"w":0.9910920858383179},"size":2.894120693206787,"orthographic":false}