{"cameraMode":{"drawMode":0,"name":"Shaded","section":"Shading Mode"},"sceneLighting":false,"audioPlay":false,"sceneViewState":{"showFog":true,"showMaterialUpdate":false,"showSkybox":false,"showFlares":true,"showImageEffects":true,"showParticleSystems":true},"in2DMode":false,"pivot":{"x":0.26163673400878909,"y":1.8319729566574097,"z":-0.7943682670593262},"rotation":{"x":-0.12581925094127656,"y":-0.298050194978714,"z":0.03966661915183067,"w":-0.945389986038208},"size":9.93327522277832,"orthographic":false}