{"cameraMode":{"drawMode":0,"name":"Shaded","section":"Shading Mode"},"sceneLighting":false,"audioPlay":false,"sceneViewState":{"showFog":true,"showMaterialUpdate":false,"showSkybox":false,"showFlares":true,"showImageEffects":true,"showParticleSystems":true},"in2DMode":false,"pivot":{"x":-0.1496361494064331,"y":4.758845806121826,"z":0.23238658905029298},"rotation":{"x":0.12268884479999542,"y":-0.004465986974537373,"z":0.0005521035054698587,"w":0.9924349784851074},"size":12.378668785095215,"orthographic":false}