{"cameraMode":{"drawMode":0,"name":"Shaded","section":"Shading Mode"},"sceneLighting":false,"audioPlay":false,"sceneViewState":{"showFog":true,"showMaterialUpdate":false,"showSkybox":false,"showFlares":true,"showImageEffects":true,"showParticleSystems":true},"in2DMode":false,"pivot":{"x":8.0,"y":2.125000238418579,"z":-4.544100284576416},"rotation":{"x":-0.050749871879816058,"y":-0.1442064344882965,"z":0.007404846139252186,"w":-0.9882176518440247},"size":7.782454967498779,"orthographic":false}