{"cameraMode":{"drawMode":0,"name":"Shaded","section":"Shading Mode"},"sceneLighting":false,"audioPlay":false,"sceneViewState":{"showFog":true,"showMaterialUpdate":false,"showSkybox":false,"showFlares":true,"showImageEffects":true,"showParticleSystems":true},"in2DMode":false,"pivot":{"x":-0.04403974860906601,"y":0.773741602897644,"z":0.5363023281097412},"rotation":{"x":0.20258599519729615,"y":-0.0044066752307116989,"z":0.0009116438450291753,"w":0.9792541861534119},"size":4.81455135345459,"orthographic":false}