{"cameraMode":{"drawMode":0,"name":"Shaded","section":"Shading Mode"},"sceneLighting":false,"audioPlay":false,"sceneViewState":{"showFog":true,"showMaterialUpdate":false,"showSkybox":false,"showFlares":true,"showImageEffects":true,"showParticleSystems":true},"in2DMode":false,"pivot":{"x":0.05760137736797333,"y":1.2910727262496949,"z":0.17287254333496095},"rotation":{"x":0.0023425749968737365,"y":0.9747403860092163,"z":-0.22309407591819764,"w":0.010235154069960118},"size":4.663484573364258,"orthographic":false}