{"cameraMode":{"drawMode":0,"name":"Shaded","section":"Shading Mode"},"sceneLighting":false,"audioPlay":false,"sceneViewState":{"showFog":true,"showMaterialUpdate":false,"showSkybox":false,"showFlares":true,"showImageEffects":true,"showParticleSystems":true},"in2DMode":false,"pivot":{"x":0.038776759058237079,"y":1.2298123836517335,"z":-0.055910587310791019},"rotation":{"x":0.0007043599034659565,"y":0.972042441368103,"z":-0.2347865253686905,"w":0.0029161344282329084},"size":4.58794641494751,"orthographic":false}